{"loss": [0.74540114402771, 0.473794549703598, 0.3736598789691925, 0.3017233908176422, 0.294522762298584, 0.26920896768569946, 0.25280869007110596, 0.257358193397522, 0.24484238028526306, 0.25112009048461914, 0.23556025326251984, 0.2399013489484787, 0.2309584766626358, 0.2434595823287964, 0.22354477643966675, 0.22764068841934204, 0.21592260897159576, 0.2042035013437271, 0.20538726449012756, 0.19491049647331238, 0.18225960433483124, 0.19062642753124237, 0.18434885144233704, 0.1859036684036255, 0.1761748492717743, 0.17164278030395508, 0.1677205115556717, 0.16450753808021545, 0.16010268032550812, 0.1492224782705307, 0.15525129437446594, 0.15391281247138977, 0.1482287347316742, 0.1488674283027649, 0.14574049413204193, 0.14102758467197418, 0.14736896753311157, 0.1478002369403839, 0.135232076048851, 0.13913236558437347, 0.14750850200653076, 0.13816559314727783, 0.14959248900413513, 0.1449861377477646, 0.14558419585227966], "accuracy": [0.6577181220054626, 0.7855544686317444, 0.8434004187583923, 0.8724831938743591, 0.8878235816955566, 0.8974112868309021, 0.9076382517814636, 0.8990092873573303, 0.9060402512550354, 0.9038031101226807, 0.9076382517814636, 0.9050815105438232, 0.9162671566009521, 0.9137104749679565, 0.9079577922821045, 0.9130712747573853, 0.9165867567062378, 0.9178651571273804, 0.9245765209197998, 0.9252157211303711, 0.932246744632721, 0.9264940619468689, 0.9287312030792236, 0.9248961210250854, 0.9325663447380066, 0.939277708530426, 0.9335250854492188, 0.932246744632721, 0.9415148496627808, 0.9411952495574951, 0.9373601675033569, 0.9459891319274902, 0.9405561089515686, 0.9383189678192139, 0.9418344497680664, 0.9431127905845642, 0.9424736499786377, 0.9373601675033569, 0.9427932500839233, 0.9437519907951355, 0.945349931716919, 0.9488654732704163, 0.942154049873352, 0.9456695318222046, 0.9437519907951355], "precision": [0.24766355752944946, 0.8087248206138611, 0.7633477449417114, 0.8630573153495789, 0.8761193752288818, 0.8914955854415894, 0.9125364422798157, 0.8969072103500366, 0.9180327653884888, 0.9073529243469238, 0.9211309552192688, 0.9090909361839294, 0.93284672498703, 0.914893627166748, 0.9114658832550049, 0.9267935752868652, 0.9367647171020508, 0.944940447807312, 0.949201762676239, 0.9546120166778564, 0.9666182994842529, 0.9535558819770813, 0.9647058844566345, 0.9711246490478516, 0.9707602262496948, 0.9825834631919861, 0.9821162223815918, 0.9820089936256409, 0.992668628692627, 0.9912152290344238, 0.9867060780525208, 0.9817415475845337, 0.9926362037658691, 0.992559552192688, 0.9985185265541077, 0.9956076145172119, 0.9955947399139404, 1.0, 0.998525083065033, 0.9985315799713135, 0.9942196607589722, 0.995720386505127, 0.9970501661300659, 1.0, 0.9970717430114746], "recall": [0.12397661060094833, 0.28187134861946106, 0.6187134385108948, 0.6339181065559387, 0.686549723148346, 0.7111111283302307, 0.7321637272834778, 0.7122806906700134, 0.7204678654670715, 0.7216374278068542, 0.7239766120910645, 0.7251461744308472, 0.7473683953285217, 0.7543859481811523, 0.734502911567688, 0.7403509020805359, 0.7450292110443115, 0.7426900863647461, 0.7649123072624207, 0.7625731229782104, 0.7789473533630371, 0.7684210538864136, 0.7672514915466309, 0.7473683953285217, 0.7766081690788269, 0.7918128371238708, 0.7707602381706238, 0.7660818696022034, 0.7918128371238708, 0.7918128371238708, 0.7812865376472473, 0.8175438642501831, 0.7883040904998779, 0.7801169753074646, 0.7883040904998779, 0.7953216433525085, 0.7929824590682983, 0.7707602381706238, 0.7918128371238708, 0.7953216433525085, 0.8046783804893494, 0.8163742423057556, 0.7906432747840881, 0.8011695742607117, 0.7964912056922913], "val_loss": [0.5613672733306885, 0.34193918108940125, 0.24398961663246155, 0.20360992848873138, 0.19237516820430756, 0.18310926854610443, 0.18006275594234467, 0.24767951667308807, 0.17242421209812164, 0.18567514419555664, 0.17487969994544983, 0.169931560754776, 0.15983740985393524, 0.18687684834003448, 0.1653987318277359, 0.16083680093288422, 0.15499179065227509, 0.15661580860614777, 0.14390422403812408, 0.153785839676857, 0.17519652843475342, 0.1540427803993225, 0.14366348087787628, 0.14532633125782013, 0.15946005284786224, 0.16171357035636902, 0.1551472395658493, 0.18518821895122528, 0.18029430508613586, 0.162489116191864, 0.2792280912399292, 0.1774902194738388, 0.22855518758296967, 0.21908077597618103, 0.20685742795467377, 0.21661923825740814, 0.2098812311887741, 0.22468502819538116, 0.2347361296415329, 0.23207150399684906, 0.20719864964485168, 0.24882589280605316, 0.23972761631011963, 0.2392202466726303, 0.2756687104701996], "val_accuracy": [0.725415050983429, 0.86845463514328, 0.9042145609855652, 0.9208173751831055, 0.931034505367279, 0.9335887432098389, 0.931034505367279, 0.9093230962753296, 0.9412515759468079, 0.9323115944862366, 0.931034505367279, 0.9323115944862366, 0.9489144086837769, 0.9272030591964722, 0.938697338104248, 0.9425287246704102, 0.946360170841217, 0.9476373195648193, 0.946360170841217, 0.9412515759468079, 0.9438058733940125, 0.9438058733940125, 0.9501915574073792, 0.9476373195648193, 0.9425287246704102, 0.946360170841217, 0.9425287246704102, 0.9438058733940125, 0.9514687061309814, 0.946360170841217, 0.9399744868278503, 0.9425287246704102, 0.9438058733940125, 0.9399744868278503, 0.9450830221176147, 0.9489144086837769, 0.9501915574073792, 0.946360170841217, 0.9450830221176147, 0.946360170841217, 0.946360170841217, 0.9412515759468079, 0.9425287246704102, 0.946360170841217, 0.9450830221176147], "val_precision": [0.0, 0.7105262875556946, 0.8500000238418579, 0.8255318999290466, 0.8888888955116272, 0.9179487228393555, 0.8577777743339539, 0.9390243887901306, 0.8858447670936584, 0.9402173757553101, 0.9170984625816345, 0.9049999713897705, 0.931034505367279, 0.9388889074325562, 0.928205132484436, 0.9336734414100647, 0.9261083602905273, 0.9306930899620056, 0.8914027214050293, 0.9121951460838318, 0.9476439952850342, 0.9340101480484009, 0.9190475940704346, 0.9182692170143127, 0.9292929172515869, 0.9219512343406677, 0.8971962332725525, 0.929648220539093, 0.9317073225975037, 0.8914027214050293, 0.9666666388511658, 0.9126213788986206, 0.9211822748184204, 0.9117646813392639, 0.8981481194496155, 0.9146919250488281, 0.9112149477005005, 0.9023255705833435, 0.89449542760849, 0.9099525809288025, 0.8949771523475647, 0.9289340376853943, 0.8794642686843872, 0.8810572624206543, 0.9257425665855408], "val_recall": [0.0, 0.8790697455406189, 0.7906976938247681, 0.9023255705833435, 0.8558139801025391, 0.8325581550598145, 0.8976744413375854, 0.7162790894508362, 0.9023255705833435, 0.804651141166687, 0.8232558369636536, 0.8418604731559753, 0.8790697455406189, 0.7860465049743652, 0.8418604731559753, 0.8511627912521362, 0.8744186162948608, 0.8744186162948608, 0.9162790775299072, 0.869767427444458, 0.8418604731559753, 0.8558139801025391, 0.8976744413375854, 0.8883720636367798, 0.8558139801025391, 0.8790697455406189, 0.8930232524871826, 0.8604651093482971, 0.8883720636367798, 0.9162790775299072, 0.8093023300170898, 0.8744186162948608, 0.869767427444458, 0.8651162981987, 0.9023255705833435, 0.8976744413375854, 0.9069767594337463, 0.9023255705833435, 0.9069767594337463, 0.8930232524871826, 0.9116278886795044, 0.8511627912521362, 0.9162790775299072, 0.930232584476471, 0.869767427444458]}